{
  "height": 389.68580715059591,
  "width": 391.07258938244854,
  "x": 471.50595882990251,
  "y": 144.22535211267606,
  "z": 0
}